StdMOB,username,location
StdMOB,username,location
StdMOB,username,location
StdMOB,username,location
StdMOB,username,location
StdMOB,username,location
StdMOB,username,location
StdMOB,username,location
StdMOB,username,location
StdMOB,username,location
StdMOB,username,location
StdMOB,username,location
StdMOB,username,location
StdMOB,username,location
StdMOB,username,location
StdMOB,username,location
StdMOB,username,location
StdMOB,username,location
StdMOB,username,location
StdMOB,username,location
StdMOB,username,location
StdMOB,username,location
StdMOB,username,location
StdMOB,username,location
StdMOB,username,location
StdMOB,username,location
StdMOB,username,location
StdMOB,username,location
StdMOB,username,location
StdMOB,username,location
StdMOB,username,location
StdMOB,username,location
StdMOB,username,location
StdMOB,username,location
StdMOB,username,location
StdMOB,username,location
StdMOB,username,location
StdMOB,username,location
StdMOB,username,location
StdMOB,username,location
StdMOB,username,location
StdMOB,username,location
StdMOB,username,location
StdMOB,username,location
StdMOB,username,location
StdMOB,username,location
StdMOB,username,location
StdMOB,username,location
StdMOB,username,location
StdMOB,username,location
StdMOB,username,location
StdMOB,username,location
