CLASS NAME,SENSITIVITY LEVEL
Customer_Update,0.0
UpdateCustomer_Inner,0.0
MainMenu,0.0
Car_Update,0.0
Car_UpdateInner,0.0
CarOwner_Update,0.0
UpdateCarOwner_Inner,0.0
Car_Add,0.0
Booking_Details,0.0
Booking_Details_ActionListener,0.0
CarOwner_Remove,0.0
CarOwner_Remove_ActionListener,0.0
Customer_Add,0.0
Customer_Add_ActionListener,0.0
Car_Remove,0.0
Booking_UnBookCar,0.0
CarOwner_Details,0.0
Login,0.0
LoginActionListener,0.0
Runner,0.0
Customer_Remove,0.0
Customer_Remove_ActionListener,0.0
Booking_BookCar,0.0
CarOwner_Add,0.0
CarOwner_Add_ActionListener,0.0
Parent_JFrame,0.0
Parent_JFrame_ActionListner,0.0
Customer_Details,0.0
Car_Details,0.0
Car_Details_ActionListener,0.0
Customer,0.0
Booking,0.0
CarOwner,0.0
Person,0.0
Car,0.0
